Asc	Asp	Cr	CrCH2	GABA	GPC	GSH	Gln	Glu	mI	Lac	NAA	NAAG	PCh	PCr	PE	sI	Tau	MM09	MM12	MM14	MM17	MM20	Lip09	Lip13	Lip20	tNAA	Glx	tCho	tCr	GABAplus
0	0.0052950560619691	0.000127389494018234	0.00531692681011976	0.112511124450446	0.00608047207499348	0.232835420646753	0.0912249902868282	1.38307041849934	0.00684811147469838	0.0485852544608334	1.51529952593242	0.163473259847784	0.00209060587790307	0.0147938822794366	0.00283241199112701	0	0.00234996091109384	0.237666692212654	0	0	0	0	3.51735564511953e-17	0	0	1.6787727857802	1.47429540878617	0.00817107795289655	0.0149212717734548	0.3501778166631
0	0.0041988382854642	0.0419982765015371	0.000339840941908152	0.141992288687476	0.0764692003452443	0.302681700916658	0.0965284618287081	1.48021369704515	0.0208464304211556	0.0398684678127116	1.81012926892351	0.0836236734964236	0.00238440438294033	0.0197102184706144	0.0555811129097156	0.104971479157271	0	0.240966879074002	0	0	0.0126772728077015	0	0	4.40011023591111e-19	5.6662102349373e-18	1.89375294241994	1.57674215887386	0.0788536047281846	0.0617084949721515	0.382959167761478
0.000510282972243625	0.00565701300439832	0.000397394307002892	0.0113808047843413	0.166926811206624	0.00865873124585525	0.164880065827484	0.159846859862887	1.28840767254932	0.000865569877150961	0.0312357502234619	1.5381169344358	0.183669153995896	0.000676678711070533	0.00382453771910488	0.00327607007734775	0.000109358618891922	0.00107878662918327	0.22474304263172	0.0084151450391394	0.00474922791517492	0.00749179569289675	0.00224338607514309	4.65622951405553e-19	0	0	1.7217860884317	1.44825453241221	0.00933540995692578	0.00422193202610777	0.391669853838344
0.000189724670106495	0.0113044883101421	0.00963943315216609	0.00687432691454142	0.169530067857435	6.96024423826597e-05	0.270852568027793	0.219350229100697	1.46793813331644	0.0050651298346456	0.0338705350208179	1.54163394981325	0.128017913874997	0	0.0224921835893404	0.00054139094208108	0.000172166993325684	0.0019010281751983	0.239243923476541	0	0	0	0	9.13671329791925e-19	0	1.6088488213461e-18	1.66965186368825	1.68728836241714	6.96024423826597e-05	0.0321316167415065	0.408773991333975
0	0.00303988519798626	8.35086928937891e-05	0.000595938396777656	0.120288739310093	0.00140688317321319	0.26610739712892	0.175435550400219	1.36234551190346	0.00281477761314436	0.000394163449548663	1.6653299116208	0.201308521972573	0.0019831497236155	0.000155737480106599	0.00244238169759428	0.000110247543866649	0.00365435708220158	0.25499508934019	0	0	0	0	0	0	0	1.86663843359337	1.53778106230368	0.00339003289682869	0.000239246173000388	0.375283828650283
0	0.00105203237083104	6.72008509865303e-05	0.000429519146256986	0.0962156388640829	0.000666467593383364	0.282073801340528	0.311061500460984	1.32889399044003	0.00199916266148277	0	1.75407050426189	0.143868283163233	0.000842165718116934	6.5278367417332e-05	0.000723579600777164	5.07531555599757e-05	0.00819727957302851	0.242036531873077	0.0072179426535357	0	0	0	0	5.62349975867207e-18	0	1.89793878742512	1.63995549090102	0.0015086333115003	0.000132479218403862	0.33825217073716
0.00202144938304517	0.0106940320879375	0.0619034114235706	0.000385018203412154	0.163084566321282	0.0410938620118403	0.226881726902501	0.143917655439719	1.57627690304153	0.0547564570403735	0.0468303864995718	1.80614836099419	0.220632399305044	0.00114091561269201	0.000141126711327079	0.000711358050280553	0.114437788712339	0.0266247991218173	0.271687304833422	0	0	0	0	0	0	4.59677489913491e-17	2.02678076029923	1.72019455848124	0.0422347776245324	0.0620445381348977	0.434771871154704
0.000639273672084388	0.0444701318721917	0.0638276086359757	0.00046368524934783	0.112022353012617	0.0214828461691051	0.233125457203622	0.149646400264568	1.39180122897551	0.00440662414036272	0.0547161612311466	1.71633025961735	0.196359452360179	0.03110549929334	0	3.15302740154548e-05	0.000100071647929574	0.0698350555647489	0.237943603541804	0	0	0.0178898387839678	0	1.69480677553121e-16	0	9.47949299671079e-18	1.91268971197753	1.54144762924008	0.0525883454624451	0.0638276086359757	0.349965956554421
0.000511132293272332	0.00302498861243348	0.000369341597418705	0.00858764454729898	0.153969024659525	0.00326531130770614	0.183127165697858	0.169442922730248	1.42871852898177	0.00308078681171443	0.0217461635646305	1.83127272326576	0.241285859509549	0.00245381139734358	0.0590496481277167	0.00269465175757474	0.00013615202509303	0.0533036306755395	0.2455496987399	0	0	0	0	0	1.69695940826318e-17	0	2.0725585827753	1.59816145171202	0.00571912270504972	0.0594189897251354	0.399518723399425
